-- phpMyAdmin SQL Dump
-- version 3.4.5
-- http://www.phpmyadmin.net
--
-- Host: localhost
-- Generation Time: Mar 04, 2017 at 09:08 AM
-- Server version: 5.5.16
-- PHP Version: 5.3.8

SET SQL_MODE="NO_AUTO_VALUE_ON_ZERO";
SET time_zone = "+00:00";


/*!40101 SET @OLD_CHARACTER_SET_CLIENT=@@CHARACTER_SET_CLIENT */;
/*!40101 SET @OLD_CHARACTER_SET_RESULTS=@@CHARACTER_SET_RESULTS */;
/*!40101 SET @OLD_COLLATION_CONNECTION=@@COLLATION_CONNECTION */;
/*!40101 SET NAMES utf8 */;

--
-- Database: `db_lubadajaya`
--

-- --------------------------------------------------------

--
-- Table structure for table `tb_barang`
--

CREATE TABLE IF NOT EXISTS `tb_barang` (
  `ID_BARANG` char(10) NOT NULL,
  `ID_KATEGORI` char(5) NOT NULL,
  `NAMA_BARANG` varchar(40) NOT NULL,
  `HARGA_BELI` float NOT NULL,
  `HARGA_JUAL` float NOT NULL,
  `STOK` int(11) NOT NULL,
  `DESKRIPSI` text NOT NULL,
  PRIMARY KEY (`ID_BARANG`,`ID_KATEGORI`),
  KEY `ID_KATEGORI` (`ID_KATEGORI`)
) ENGINE=InnoDB DEFAULT CHARSET=latin1;

--
-- Dumping data for table `tb_barang`
--

INSERT INTO `tb_barang` (`ID_BARANG`, `ID_KATEGORI`, `NAMA_BARANG`, `HARGA_BELI`, `HARGA_JUAL`, `STOK`, `DESKRIPSI`) VALUES
('KB-0001', 'K0002', 'ASUS X455LA', 3749000, 4000000, 11, 'CORE i3\nRAM 4GB'),
('KB-0002', 'K0002', 'ASUS 1225B', 3500000, 3840000, 10, 'AMD E450 1.65Ghz, \n4GB, 500GB, \n11.6” HD LED, \nAMD Radeon HD 6320, \nWifi, HDMI, Bluetooth, No Optical Drive, \nCard Reader, Camera, Non OS'),
('KB-0003', 'K0004', 'PANASONIC 24 INCH', 3000000, 3250000, 15, 'LAYAR DATAR, \nUKURAN LAYAR 24 INCH,'),
('KB-0004', 'K0004', 'SHARP A44C', 2750000, 3000000, 21, ''),
('KB-0005', 'K0005', 'CANON A2000', 500000, 540000, 7, '');

-- --------------------------------------------------------

--
-- Table structure for table `tb_detail_pembelian`
--

CREATE TABLE IF NOT EXISTS `tb_detail_pembelian` (
  `NO_TRANS_PEMBELIAN` int(11) NOT NULL AUTO_INCREMENT,
  `NO_FAKTUR_PEMBELIAN` char(20) NOT NULL,
  `ID_BARANG` char(10) NOT NULL,
  `JUMLAH_BARANG` int(11) NOT NULL,
  `SUBTOTAL` float NOT NULL,
  PRIMARY KEY (`NO_TRANS_PEMBELIAN`,`NO_FAKTUR_PEMBELIAN`,`ID_BARANG`),
  KEY `ID_BARANG` (`ID_BARANG`),
  KEY `NO_FAKTUR_PEMBELIAN` (`NO_FAKTUR_PEMBELIAN`)
) ENGINE=InnoDB  DEFAULT CHARSET=latin1 AUTO_INCREMENT=18 ;

--
-- Dumping data for table `tb_detail_pembelian`
--

INSERT INTO `tb_detail_pembelian` (`NO_TRANS_PEMBELIAN`, `NO_FAKTUR_PEMBELIAN`, `ID_BARANG`, `JUMLAH_BARANG`, `SUBTOTAL`) VALUES
(1, 'FK-180217-0001', 'KB-0001', 10, 37490000),
(2, 'FK-180217-0001', 'KB-0002', 10, 35000000),
(3, 'FK-180217-0002', 'KB-0003', 10, 30000000),
(4, 'FK-180217-0002', 'KB-0004', 10, 27500000),
(5, 'FK-190217-0003', 'KB-0001', 10, 37490000),
(6, 'FK-190217-0003', 'KB-0002', 10, 35000000),
(7, 'FK-190217-0003', 'KB-0003', 10, 30000000),
(8, 'FK-190217-0003', 'KB-0004', 10, 27500000),
(9, 'FK-190217-0003', 'KB-0005', 10, 5000000),
(10, 'FK-210217-0004', 'KB-0001', 20, 74980000),
(11, 'FK-210217-0004', 'KB-0002', 10, 35000000),
(12, 'FK-210217-0004', 'KB-0003', 20, 60000000),
(13, 'FK-210217-0004', 'KB-0004', 20, 55000000),
(14, 'FK-210217-0004', 'KB-0005', 10, 5000000),
(15, 'FK-270217-0005', 'KB-0001', 1, 3749000),
(16, 'FK-270217-0005', 'KB-0003', 1, 3000000),
(17, 'FK-040317-0006', 'KB-0002', 11, 38500000);

-- --------------------------------------------------------

--
-- Table structure for table `tb_detail_penjualan`
--

CREATE TABLE IF NOT EXISTS `tb_detail_penjualan` (
  `NO_TRANS_PENJUALAN` int(11) NOT NULL AUTO_INCREMENT,
  `NO_FAKTUR_PENJUALAN` char(20) NOT NULL,
  `ID_BARANG` char(10) NOT NULL,
  `JUMLAH_BARANG` int(11) NOT NULL,
  `SUBTOTAL` float NOT NULL,
  PRIMARY KEY (`NO_TRANS_PENJUALAN`,`NO_FAKTUR_PENJUALAN`,`ID_BARANG`),
  KEY `ID_BARANG` (`ID_BARANG`),
  KEY `NO_FAKTUR_PENJUALAN` (`NO_FAKTUR_PENJUALAN`)
) ENGINE=InnoDB  DEFAULT CHARSET=latin1 AUTO_INCREMENT=116 ;

--
-- Dumping data for table `tb_detail_penjualan`
--

INSERT INTO `tb_detail_penjualan` (`NO_TRANS_PENJUALAN`, `NO_FAKTUR_PENJUALAN`, `ID_BARANG`, `JUMLAH_BARANG`, `SUBTOTAL`) VALUES
(18, 'FK-190217-0001', 'KB-0001', 1, 4000000),
(19, 'FK-190217-0001', 'KB-0005', 1, 540000),
(20, 'FK-190217-0002', 'KB-0001', 2, 8000000),
(21, 'FK-190217-0002', 'KB-0003', 1, 3250000),
(22, 'FK-190217-0002', 'KB-0004', 1, 3000000),
(23, 'FK-190217-0003', 'KB-0002', 2, 7680000),
(24, 'FK-190217-0003', 'KB-0001', 1, 4000000),
(25, 'FK-190217-0004', 'KB-0003', 1, 3250000),
(26, 'FK-190217-0004', 'KB-0002', 2, 7680000),
(27, 'FK-190217-0004', 'KB-0003', 3, 9750000),
(28, 'FK-190217-0004', 'KB-0004', 1, 3000000),
(29, 'FK-190217-0004', 'KB-0001', 1, 4000000),
(30, 'FK-190217-0005', 'KB-0001', 1, 4000000),
(31, 'FK-190217-0005', 'KB-0002', 1, 3840000),
(32, 'FK-190217-0005', 'KB-0003', 3, 9750000),
(33, 'FK-190217-0005', 'KB-0004', 2, 6000000),
(34, 'FK-190217-0005', 'KB-0005', 1, 540000),
(35, 'FK-190217-0006', 'KB-0002', 2, 7680000),
(36, 'FK-190217-0006', 'KB-0001', 1, 4000000),
(37, 'FK-190217-0006', 'KB-0003', 2, 6500000),
(38, 'FK-190217-0006', 'KB-0004', 1, 3000000),
(39, 'FK-190217-0006', 'KB-0005', 1, 540000),
(40, 'FK-190217-0007', 'KB-0001', 1, 4000000),
(41, 'FK-190217-0008', 'KB-0005', 1, 540000),
(42, 'FK-200217-0009', 'KB-0001', 2, 8000000),
(43, 'FK-200217-0009', 'KB-0002', 1, 3840000),
(44, 'FK-200217-0009', 'KB-0003', 1, 3250000),
(45, 'FK-200217-0009', 'KB-0004', 1, 3000000),
(46, 'FK-200217-0009', 'KB-0005', 1, 540000),
(47, 'FK-200217-0010', 'KB-0001', 2, 8000000),
(48, 'FK-200217-0010', 'KB-0005', 3, 1620000),
(49, 'FK-200217-0010', 'KB-0003', 1, 3250000),
(50, 'FK-200217-0011', 'KB-0001', 1, 4000000),
(51, 'FK-200217-0011', 'KB-0002', 2, 7680000),
(52, 'FK-200217-0011', 'KB-0003', 3, 9750000),
(53, 'FK-200217-0011', 'KB-0004', 3, 9000000),
(54, 'FK-210217-0012', 'KB-0001', 1, 4000000),
(55, 'FK-210217-0012', 'KB-0005', 1, 540000),
(56, 'FK-210217-0013', 'KB-0001', 1, 4000000),
(57, 'FK-210217-0014', 'KB-0004', 2, 6000000),
(58, 'FK-210217-0014', 'KB-0003', 1, 3250000),
(59, 'FK-210217-0015', 'KB-0004', 1, 3000000),
(60, 'FK-210217-0016', 'KB-0004', 1, 3000000),
(61, 'FK-210217-0016', 'KB-0003', 2, 6500000),
(62, 'FK-210217-0017', 'KB-0002', 2, 7680000),
(63, 'FK-210217-0018', 'KB-0002', 2, 7680000),
(64, 'FK-210217-0018', 'KB-0001', 1, 4000000),
(65, 'FK-210217-0018', 'KB-0003', 1, 3250000),
(66, 'FK-210217-0018', 'KB-0004', 1, 3000000),
(67, 'FK-210217-0018', 'KB-0005', 1, 540000),
(68, 'FK-210217-0019', 'KB-0002', 2, 7680000),
(69, 'FK-210217-0019', 'KB-0003', 1, 3250000),
(70, 'FK-210217-0019', 'KB-0003', 1, 3250000),
(71, 'FK-210217-0019', 'KB-0005', 1, 540000),
(72, 'FK-210217-0020', 'KB-0002', 2, 7680000),
(73, 'FK-210217-0021', 'KB-0004', 1, 3000000),
(74, 'FK-210217-0022', 'KB-0004', 1, 3000000),
(75, 'FK-210217-0023', 'KB-0005', 1, 540000),
(76, 'FK-210217-0024', 'KB-0001', 1, 4000000),
(77, 'FK-210217-0024', 'KB-0002', 1, 3840000),
(78, 'FK-210217-0024', 'KB-0003', 2, 6500000),
(79, 'FK-210217-0024', 'KB-0004', 1, 3000000),
(80, 'FK-210217-0024', 'KB-0005', 1, 540000),
(81, 'FK-210217-0025', 'KB-0002', 1, 3840000),
(82, 'FK-210217-0025', 'KB-0003', 1, 3250000),
(83, 'FK-210217-0026', 'KB-0004', 1, 3000000),
(84, 'FK-210217-0027', 'KB-0004', 2, 6000000),
(85, 'FK-210217-0027', 'KB-0002', 1, 3840000),
(86, 'FK-210217-0028', 'KB-0002', 1, 3840000),
(87, 'FK-240217-0029', 'KB-0001', 1, 4000000),
(88, 'FK-240217-0029', 'KB-0002', 2, 7680000),
(89, 'FK-240217-0030', 'KB-0001', 1, 4000000),
(90, 'FK-240217-0030', 'KB-0002', 2, 7680000),
(91, 'FK-240217-0030', 'KB-0003', 2, 6500000),
(92, 'FK-240217-0031', 'KB-0001', 1, 4000000),
(93, 'FK-240217-0031', 'KB-0005', 1, 540000),
(94, 'FK-240217-0031', 'KB-0003', 1, 3250000),
(95, 'FK-260217-0032', 'KB-0001', 1, 4000000),
(96, 'FK-260217-0032', 'KB-0002', 1, 3840000),
(97, 'FK-260217-0033', 'KB-0002', 1, 3840000),
(98, 'FK-260217-0033', 'KB-0005', 1, 540000),
(99, 'FK-270217-0034', 'KB-0003', 1, 3250000),
(100, 'FK-270217-0034', 'KB-0003', 1, 3250000),
(101, 'FK-270217-0035', 'KB-0001', 1, 4000000),
(102, 'FK-270217-0035', 'KB-0002', 2, 7680000),
(103, 'FK-270217-0035', 'KB-0003', 1, 3250000),
(104, 'FK-270217-0035', 'KB-0004', 1, 3000000),
(105, 'FK-270217-0035', 'KB-0005', 1, 540000),
(106, 'FK-270217-0036', 'KB-0001', 1, 4000000),
(107, 'FK-270217-0036', 'KB-0002', 2, 7680000),
(108, 'FK-270217-0036', 'KB-0001', 1, 4000000),
(109, 'FK-270217-0036', 'KB-0005', 1, 540000),
(110, 'FK-020317-0037', 'KB-0001', 2, 8000000),
(111, 'FK-020317-0037', 'KB-0005', 1, 540000),
(112, 'FK-020317-0038', 'KB-0001', 1, 4000000),
(113, 'FK-020317-0038', 'KB-0002', 1, 3840000),
(114, 'FK-020317-0038', 'KB-0003', 2, 6500000),
(115, 'FK-020317-0038', 'KB-0002', 1, 3840000);

-- --------------------------------------------------------

--
-- Table structure for table `tb_detail_retur_pembelian`
--

CREATE TABLE IF NOT EXISTS `tb_detail_retur_pembelian` (
  `NO_TRANS_RETUR_PEMBELIAN` int(11) NOT NULL AUTO_INCREMENT,
  `NO_RETUR_PEMBELIAN` char(20) NOT NULL,
  `ID_BARANG` char(10) NOT NULL,
  `JUMLAH_BARANG` int(11) NOT NULL,
  `SUBTOTAL` float NOT NULL,
  PRIMARY KEY (`NO_TRANS_RETUR_PEMBELIAN`,`NO_RETUR_PEMBELIAN`,`ID_BARANG`),
  KEY `ID_BARANG` (`ID_BARANG`),
  KEY `NO_RETUR_PEMBELIAN` (`NO_RETUR_PEMBELIAN`)
) ENGINE=InnoDB  DEFAULT CHARSET=latin1 AUTO_INCREMENT=7 ;

--
-- Dumping data for table `tb_detail_retur_pembelian`
--

INSERT INTO `tb_detail_retur_pembelian` (`NO_TRANS_RETUR_PEMBELIAN`, `NO_RETUR_PEMBELIAN`, `ID_BARANG`, `JUMLAH_BARANG`, `SUBTOTAL`) VALUES
(5, 'RE-190217-0001', 'KB-0001', 6, 22494000),
(6, 'RE-190217-0001', 'KB-0002', 6, 21000000);

-- --------------------------------------------------------

--
-- Table structure for table `tb_detail_retur_penjualan`
--

CREATE TABLE IF NOT EXISTS `tb_detail_retur_penjualan` (
  `NO_TRANS_RETUR_PENJUALAN` int(11) NOT NULL AUTO_INCREMENT,
  `NO_RETUR_PENJUALAN` char(20) NOT NULL,
  `ID_BARANG` char(10) NOT NULL,
  `JUMLAH_BARANG` int(11) NOT NULL,
  `SUBTOTAL` float NOT NULL,
  PRIMARY KEY (`NO_TRANS_RETUR_PENJUALAN`,`NO_RETUR_PENJUALAN`,`ID_BARANG`),
  KEY `ID_BARANG` (`ID_BARANG`),
  KEY `NO_RETUR_PENJUALAN` (`NO_RETUR_PENJUALAN`)
) ENGINE=InnoDB  DEFAULT CHARSET=latin1 AUTO_INCREMENT=3 ;

--
-- Dumping data for table `tb_detail_retur_penjualan`
--

INSERT INTO `tb_detail_retur_penjualan` (`NO_TRANS_RETUR_PENJUALAN`, `NO_RETUR_PENJUALAN`, `ID_BARANG`, `JUMLAH_BARANG`, `SUBTOTAL`) VALUES
(1, 'RE-260217-0001', 'KB-0001', 1, 4000000),
(2, 'RE-260217-0001', 'KB-0002', 1, 3840000);

-- --------------------------------------------------------

--
-- Table structure for table `tb_distributor`
--

CREATE TABLE IF NOT EXISTS `tb_distributor` (
  `ID_DISTRIBUTOR` char(10) NOT NULL,
  `NAMA_DISTRIBUTOR` varchar(40) NOT NULL,
  `NAMA_MANAGER` varchar(40) NOT NULL,
  `NO_TELP` char(12) NOT NULL,
  `ALAMAT` text NOT NULL,
  `EMAIL` varchar(100) NOT NULL,
  PRIMARY KEY (`ID_DISTRIBUTOR`)
) ENGINE=InnoDB DEFAULT CHARSET=latin1;

--
-- Dumping data for table `tb_distributor`
--

INSERT INTO `tb_distributor` (`ID_DISTRIBUTOR`, `NAMA_DISTRIBUTOR`, `NAMA_MANAGER`, `NO_TELP`, `ALAMAT`, `EMAIL`) VALUES
('DIS-0002', 'OEMAH CODINGER', 'ANOM SEJOGATI', '087899995555', 'KAJEN', 'anom@gmail.com'),
('DIS-0003', 'CV AERO PEKALONGAN', 'HILMA AZRIL', '085677774443', 'PEKALONGAN', 'azrilhilma90@gmail.com');

-- --------------------------------------------------------

--
-- Table structure for table `tb_kategori`
--

CREATE TABLE IF NOT EXISTS `tb_kategori` (
  `ID_KATEGORI` char(5) NOT NULL,
  `NAMA_KATEGORI` varchar(20) NOT NULL,
  PRIMARY KEY (`ID_KATEGORI`)
) ENGINE=InnoDB DEFAULT CHARSET=latin1;

--
-- Dumping data for table `tb_kategori`
--

INSERT INTO `tb_kategori` (`ID_KATEGORI`, `NAMA_KATEGORI`) VALUES
('K0001', 'KULKAS'),
('K0002', 'LAPTOP'),
('K0003', 'KIPAS ANGIN'),
('K0004', 'TELEVISI'),
('K0005', 'PRINTER'),
('K0006', 'BLENDER');

-- --------------------------------------------------------

--
-- Table structure for table `tb_member`
--

CREATE TABLE IF NOT EXISTS `tb_member` (
  `ID_MEMBER` char(10) NOT NULL,
  `NAMA_MEMBER` varchar(40) NOT NULL,
  `JNS_KEL` enum('L','P') NOT NULL,
  `NO_TELP` char(12) NOT NULL,
  `ALAMAT` text NOT NULL,
  PRIMARY KEY (`ID_MEMBER`)
) ENGINE=InnoDB DEFAULT CHARSET=latin1;

--
-- Dumping data for table `tb_member`
--

INSERT INTO `tb_member` (`ID_MEMBER`, `NAMA_MEMBER`, `JNS_KEL`, `NO_TELP`, `ALAMAT`) VALUES
('', '', '', '', ''),
('1802170001', 'HERU NUR ALIMIN', 'L', '082322950568', 'KANDANSERANG'),
('1802170002', 'NASTITI ARMA DIANY', 'P', '087866661234', 'KAJEN'),
('1802170003', 'EMIR LABIB', 'L', '091978786544', 'GANDARUM'),
('1802170004', 'ANDI NOVIYANTO', 'L', '082344445678', 'PEKIRINGAN ALIT'),
('1802170005', 'IKA MULYANISARI', 'P', '085777770987', 'KANDANGSERANG'),
('2402170006', 'TRI ASTUTI', 'P', '085726512020', 'BANJARNEGARA'),
('2602170007', 'DIAN FITRI UTAMI', 'P', '085742111042', 'KANDANGSERANG');

-- --------------------------------------------------------

--
-- Table structure for table `tb_pembelian`
--

CREATE TABLE IF NOT EXISTS `tb_pembelian` (
  `NO_FAKTUR_PEMBELIAN` char(20) NOT NULL,
  `ID_DISTRIBUTOR` char(10) NOT NULL,
  `ID_USER` char(5) NOT NULL,
  `TGL_TRANSAKSI` datetime NOT NULL,
  `TOTAL` float NOT NULL,
  PRIMARY KEY (`NO_FAKTUR_PEMBELIAN`,`ID_DISTRIBUTOR`,`ID_USER`),
  KEY `ID_USER` (`ID_USER`),
  KEY `ID_DISTRIBUTOR` (`ID_DISTRIBUTOR`)
) ENGINE=InnoDB DEFAULT CHARSET=latin1;

--
-- Dumping data for table `tb_pembelian`
--

INSERT INTO `tb_pembelian` (`NO_FAKTUR_PEMBELIAN`, `ID_DISTRIBUTOR`, `ID_USER`, `TGL_TRANSAKSI`, `TOTAL`) VALUES
('FK-040317-0006', 'DIS-0002', 'ID001', '2017-03-04 00:00:00', 38500000),
('FK-180217-0001', 'DIS-0003', 'ID001', '2017-02-18 00:00:00', 72490000),
('FK-180217-0002', 'DIS-0002', 'ID002', '2017-02-18 00:00:00', 57500000),
('FK-190217-0003', 'DIS-0003', 'ID001', '2017-02-19 00:00:00', 134990000),
('FK-210217-0004', 'DIS-0003', 'ID001', '2017-02-21 00:00:00', 229980000),
('FK-270217-0005', 'DIS-0003', 'ID001', '2017-02-27 00:00:00', 6749000);

-- --------------------------------------------------------

--
-- Table structure for table `tb_penjualan`
--

CREATE TABLE IF NOT EXISTS `tb_penjualan` (
  `NO_FAKTUR_PENJUALAN` char(20) NOT NULL,
  `ID_MEMBER` char(10) NOT NULL,
  `ID_USER` char(5) NOT NULL,
  `TGL_TRANSAKSI` datetime NOT NULL,
  `TOTAL` float NOT NULL,
  `DISKON` float NOT NULL,
  `JUMLAH_BAYAR` float NOT NULL,
  `KEMBALIAN` float NOT NULL,
  PRIMARY KEY (`NO_FAKTUR_PENJUALAN`,`ID_MEMBER`,`ID_USER`),
  KEY `ID_USER` (`ID_USER`),
  KEY `ID_MEMBER` (`ID_MEMBER`)
) ENGINE=InnoDB DEFAULT CHARSET=latin1;

--
-- Dumping data for table `tb_penjualan`
--

INSERT INTO `tb_penjualan` (`NO_FAKTUR_PENJUALAN`, `ID_MEMBER`, `ID_USER`, `TGL_TRANSAKSI`, `TOTAL`, `DISKON`, `JUMLAH_BAYAR`, `KEMBALIAN`) VALUES
('FK-020317-0037', '', 'ID002', '2017-03-02 00:00:00', 8540000, 0, 10000000, 1460000),
('FK-020317-0038', '1802170003', 'ID001', '2017-03-02 00:00:00', 18180000, 100000, 20000000, 1920000),
('FK-190217-0001', '1802170002', 'ID001', '2017-02-19 00:00:00', 4540000, 100000, 5000000, 560000),
('FK-190217-0002', '1802170002', 'ID001', '2017-02-19 00:00:00', 14250000, 500000, 14000000, 250000),
('FK-190217-0003', '', 'ID001', '2017-02-19 00:00:00', 11680000, 200000, 12000000, 340000),
('FK-190217-0004', '1802170003', 'ID001', '2017-02-19 00:00:00', 27680000, 5000000, 25000000, 2320000),
('FK-190217-0005', '1802170001', 'ID001', '2017-02-19 00:00:00', 24130000, 1500000, 23000000, 370000),
('FK-190217-0006', '1802170001', 'ID001', '2017-02-19 00:00:00', 21720000, 1000000, 21000000, 280000),
('FK-190217-0007', '', 'ID001', '2017-02-19 00:00:00', 4000000, 0, 4000000, 0),
('FK-190217-0008', '', 'ID001', '2017-02-19 00:00:00', 540000, 100000, 500000, 60000),
('FK-200217-0009', '', 'ID001', '2017-02-20 00:00:00', 18630000, 1000000, 18000000, 370000),
('FK-200217-0010', '1802170003', 'ID001', '2017-02-20 00:00:00', 12870000, 1000000, 12000000, 130000),
('FK-200217-0011', '1802170005', 'ID001', '2017-02-20 00:00:00', 30430000, 1000000, 30000000, 570000),
('FK-210217-0012', '1802170004', 'ID001', '2017-02-21 00:00:00', 4540000, 500000, 4500000, 460000),
('FK-210217-0013', '', 'ID001', '2017-02-25 00:00:00', 4000000, 0, 4000000, 0),
('FK-210217-0014', '1802170002', 'ID001', '2017-02-21 00:00:00', 9250000, 1000000, 9000000, 750000),
('FK-210217-0015', '1802170005', 'ID001', '2017-02-21 00:00:00', 3000000, 0, 3000000, 0),
('FK-210217-0016', '', 'ID001', '2017-02-21 00:00:00', 9500000, 200000, 9300000, 0),
('FK-210217-0017', '', 'ID001', '2017-02-21 00:00:00', 7680000, 0, 7700000, 20000),
('FK-210217-0018', '1802170002', 'ID001', '2017-02-21 00:00:00', 18470000, 2500000, 16000000, 30000),
('FK-210217-0019', '1802170005', 'ID001', '2017-02-21 00:00:00', 14720000, 1000000, 14000000, 280000),
('FK-210217-0020', '', 'ID001', '2017-02-21 00:00:00', 7680000, 0, 8000000, 320000),
('FK-210217-0021', '', 'ID001', '2017-02-21 00:00:00', 3000000, 10000, 3000000, 10000),
('FK-210217-0022', '', 'ID001', '2017-02-21 00:00:00', 3000000, 100000, 2900000, 0),
('FK-210217-0023', '', 'ID001', '2017-02-21 00:00:00', 540000, 1000, 6000000, 5461000),
('FK-210217-0024', '1802170002', 'ID001', '2017-02-21 00:00:00', 17880000, 2500000, 15400000, 20000),
('FK-210217-0025', '', 'ID001', '2017-03-01 00:00:00', 7090000, 0, 7100000, 10000),
('FK-210217-0026', '', 'ID001', '2017-03-15 00:00:00', 3000000, 0, 3000000, 0),
('FK-210217-0027', '1802170003', 'ID001', '2017-02-21 00:00:00', 9840000, 2000000, 8000000, 160000),
('FK-210217-0028', '1802170002', 'ID001', '2017-02-21 00:00:00', 3840000, 100000, 4000000, 260000),
('FK-240217-0029', '1802170002', 'ID001', '2017-02-24 00:00:00', 11680000, 0, 12000000, 320000),
('FK-240217-0030', '1802170002', 'ID001', '2017-02-24 00:00:00', 18180000, 1000000, 200000000, 182820000),
('FK-240217-0031', '2402170006', 'ID002', '2017-02-24 00:00:00', 7790000, 1000000, 7000000, 210000),
('FK-260217-0032', '1802170001', 'ID001', '2017-02-26 00:00:00', 7840000, 1000000, 7000000, 160000),
('FK-260217-0033', '2602170007', 'ID001', '2017-02-26 00:00:00', 4380000, 300000, 4500000, 420000),
('FK-270217-0034', '2402170006', 'ID001', '2017-02-27 00:00:00', 6500000, 100000, 6500000, 100000),
('FK-270217-0035', '2602170007', 'ID001', '2017-02-27 00:00:00', 18470000, 1500000, 17000000, 30000),
('FK-270217-0036', '1802170002', 'ID001', '2017-02-27 00:00:00', 16220000, 300000, 16000000, 80000);

-- --------------------------------------------------------

--
-- Table structure for table `tb_retur_pembelian`
--

CREATE TABLE IF NOT EXISTS `tb_retur_pembelian` (
  `NO_RETUR_PEMBELIAN` char(20) NOT NULL,
  `NO_FAKTUR_PEMBELIAN` char(20) NOT NULL,
  `ID_USER` char(5) NOT NULL,
  `TGL_RETUR` datetime NOT NULL,
  `JUMLAH_RETUR` int(11) NOT NULL,
  `TOTAL` float NOT NULL,
  `STATUS_RETUR` int(11) NOT NULL,
  PRIMARY KEY (`NO_RETUR_PEMBELIAN`,`NO_FAKTUR_PEMBELIAN`,`ID_USER`),
  KEY `ID_USER` (`ID_USER`),
  KEY `NO_FAKTUR_PEMBELIAN` (`NO_FAKTUR_PEMBELIAN`)
) ENGINE=InnoDB DEFAULT CHARSET=latin1;

--
-- Dumping data for table `tb_retur_pembelian`
--

INSERT INTO `tb_retur_pembelian` (`NO_RETUR_PEMBELIAN`, `NO_FAKTUR_PEMBELIAN`, `ID_USER`, `TGL_RETUR`, `JUMLAH_RETUR`, `TOTAL`, `STATUS_RETUR`) VALUES
('RE-190217-0001', 'FK-180217-0001', 'ID001', '2017-02-19 00:00:00', 12, 43494000, 3);

-- --------------------------------------------------------

--
-- Table structure for table `tb_retur_penjualan`
--

CREATE TABLE IF NOT EXISTS `tb_retur_penjualan` (
  `NO_RETUR_PENJUALAN` char(20) NOT NULL,
  `NO_FAKTUR_PENJUALAN` char(20) NOT NULL,
  `ID_USER` char(5) NOT NULL,
  `TGL_RETUR` datetime NOT NULL,
  `JUMLAH_RETUR` int(11) NOT NULL,
  `TOTAL` float NOT NULL,
  `STATUS_RETUR` int(11) NOT NULL,
  PRIMARY KEY (`NO_RETUR_PENJUALAN`,`NO_FAKTUR_PENJUALAN`,`ID_USER`),
  KEY `ID_USER` (`ID_USER`),
  KEY `NO_FAKTUR_PENJUALAN` (`NO_FAKTUR_PENJUALAN`)
) ENGINE=InnoDB DEFAULT CHARSET=latin1;

--
-- Dumping data for table `tb_retur_penjualan`
--

INSERT INTO `tb_retur_penjualan` (`NO_RETUR_PENJUALAN`, `NO_FAKTUR_PENJUALAN`, `ID_USER`, `TGL_RETUR`, `JUMLAH_RETUR`, `TOTAL`, `STATUS_RETUR`) VALUES
('RE-260217-0001', 'FK-190217-0004', 'ID001', '2017-02-26 00:00:00', 2, 7840000, 2);

-- --------------------------------------------------------

--
-- Table structure for table `tb_user`
--

CREATE TABLE IF NOT EXISTS `tb_user` (
  `ID_USER` char(5) NOT NULL,
  `USERNAME` varchar(10) NOT NULL,
  `NAMA_LENGKAP` varchar(40) NOT NULL,
  `JNS_KEL` enum('L','P') NOT NULL,
  `TGL_LAHIR` date NOT NULL,
  `ALAMAT` text NOT NULL,
  `NO_TELP` char(12) NOT NULL,
  `PASSWORD` varchar(40) NOT NULL,
  `HAK_AKSES` varchar(20) NOT NULL,
  PRIMARY KEY (`ID_USER`)
) ENGINE=InnoDB DEFAULT CHARSET=latin1;

--
-- Dumping data for table `tb_user`
--

INSERT INTO `tb_user` (`ID_USER`, `USERNAME`, `NAMA_LENGKAP`, `JNS_KEL`, `TGL_LAHIR`, `ALAMAT`, `NO_TELP`, `PASSWORD`, `HAK_AKSES`) VALUES
('ID001', 'HERU', 'HERU NUR ALIMIN', 'L', '2017-02-18', 'KANDANGSERANG', '082322950568', 'HERU12345', 'KASIR'),
('ID002', 'DARMOJO', 'EIGHT DARMOJO SETIAWAN', 'L', '2017-02-18', 'PEKALONGAN', '087896975555', 'ADMIN12345', 'PEMILIK TOKO');

--
-- Constraints for dumped tables
--

--
-- Constraints for table `tb_barang`
--
ALTER TABLE `tb_barang`
  ADD CONSTRAINT `tb_barang_ibfk_1` FOREIGN KEY (`ID_KATEGORI`) REFERENCES `tb_kategori` (`ID_KATEGORI`);

--
-- Constraints for table `tb_detail_pembelian`
--
ALTER TABLE `tb_detail_pembelian`
  ADD CONSTRAINT `tb_detail_pembelian_ibfk_1` FOREIGN KEY (`ID_BARANG`) REFERENCES `tb_barang` (`ID_BARANG`),
  ADD CONSTRAINT `tb_detail_pembelian_ibfk_2` FOREIGN KEY (`NO_FAKTUR_PEMBELIAN`) REFERENCES `tb_pembelian` (`NO_FAKTUR_PEMBELIAN`);

--
-- Constraints for table `tb_detail_penjualan`
--
ALTER TABLE `tb_detail_penjualan`
  ADD CONSTRAINT `tb_detail_penjualan_ibfk_1` FOREIGN KEY (`ID_BARANG`) REFERENCES `tb_barang` (`ID_BARANG`),
  ADD CONSTRAINT `tb_detail_penjualan_ibfk_2` FOREIGN KEY (`NO_FAKTUR_PENJUALAN`) REFERENCES `tb_penjualan` (`NO_FAKTUR_PENJUALAN`);

--
-- Constraints for table `tb_detail_retur_pembelian`
--
ALTER TABLE `tb_detail_retur_pembelian`
  ADD CONSTRAINT `tb_detail_retur_pembelian_ibfk_1` FOREIGN KEY (`ID_BARANG`) REFERENCES `tb_barang` (`ID_BARANG`),
  ADD CONSTRAINT `tb_detail_retur_pembelian_ibfk_2` FOREIGN KEY (`NO_RETUR_PEMBELIAN`) REFERENCES `tb_retur_pembelian` (`NO_RETUR_PEMBELIAN`);

--
-- Constraints for table `tb_detail_retur_penjualan`
--
ALTER TABLE `tb_detail_retur_penjualan`
  ADD CONSTRAINT `tb_detail_retur_penjualan_ibfk_1` FOREIGN KEY (`ID_BARANG`) REFERENCES `tb_barang` (`ID_BARANG`),
  ADD CONSTRAINT `tb_detail_retur_penjualan_ibfk_2` FOREIGN KEY (`NO_RETUR_PENJUALAN`) REFERENCES `tb_retur_penjualan` (`NO_RETUR_PENJUALAN`);

--
-- Constraints for table `tb_pembelian`
--
ALTER TABLE `tb_pembelian`
  ADD CONSTRAINT `tb_pembelian_ibfk_1` FOREIGN KEY (`ID_USER`) REFERENCES `tb_user` (`ID_USER`),
  ADD CONSTRAINT `tb_pembelian_ibfk_2` FOREIGN KEY (`ID_DISTRIBUTOR`) REFERENCES `tb_distributor` (`ID_DISTRIBUTOR`);

--
-- Constraints for table `tb_penjualan`
--
ALTER TABLE `tb_penjualan`
  ADD CONSTRAINT `tb_penjualan_ibfk_1` FOREIGN KEY (`ID_USER`) REFERENCES `tb_user` (`ID_USER`),
  ADD CONSTRAINT `tb_penjualan_ibfk_2` FOREIGN KEY (`ID_MEMBER`) REFERENCES `tb_member` (`ID_MEMBER`);

--
-- Constraints for table `tb_retur_pembelian`
--
ALTER TABLE `tb_retur_pembelian`
  ADD CONSTRAINT `tb_retur_pembelian_ibfk_1` FOREIGN KEY (`ID_USER`) REFERENCES `tb_user` (`ID_USER`),
  ADD CONSTRAINT `tb_retur_pembelian_ibfk_2` FOREIGN KEY (`NO_FAKTUR_PEMBELIAN`) REFERENCES `tb_pembelian` (`NO_FAKTUR_PEMBELIAN`);

--
-- Constraints for table `tb_retur_penjualan`
--
ALTER TABLE `tb_retur_penjualan`
  ADD CONSTRAINT `tb_retur_penjualan_ibfk_1` FOREIGN KEY (`ID_USER`) REFERENCES `tb_user` (`ID_USER`),
  ADD CONSTRAINT `tb_retur_penjualan_ibfk_2` FOREIGN KEY (`NO_FAKTUR_PENJUALAN`) REFERENCES `tb_penjualan` (`NO_FAKTUR_PENJUALAN`);

/*!40101 SET CHARACTER_SET_CLIENT=@OLD_CHARACTER_SET_CLIENT */;
/*!40101 SET CHARACTER_SET_RESULTS=@OLD_CHARACTER_SET_RESULTS */;
/*!40101 SET COLLATION_CONNECTION=@OLD_COLLATION_CONNECTION */;
